charter,findrsLender,cert,Lender,match
708059,Abacus Federal Savings Bank,32257,Abacus Federal Savings Bank,TRUE
15592,"Academy Bank, National Association",19600,"Academy Bank, National Association",TRUE
25154,"Affiliated Bank, National Association",34885,"Affiliated Bank, National Association",TRUE
13790,"Alerus Financial, National Association",3931,"Alerus Financial, National Association",TRUE
14206,Amarillo National Bank,14531,Amarillo National Bank,TRUE
16804,"Amerant Bank, National Association",22953,"Amerant Bank, National Association",TRUE
24369,"American Bank and Trust Company, National Association",34955,"American Bank and Trust Company, National Association",TRUE
24456,"American Commerce Bank, National Association",57686,"American Commerce Bank, National Association",TRUE
25151,American Express National Bank,27471,American Express National Bank,TRUE
702983,American Federal Bank,29140,American Federal Bank,TRUE
23521,American First National Bank,34656,American First National Bank,TRUE
15037,American Heritage National Bank,8843,American Heritage National Bank,TRUE
16617,American National Bank & Trust,22373,American National Bank & Trust,TRUE
9343,American National Bank and Trust Company,6837,American National Bank and Trust Company,TRUE
24219,American National Bank of Minnesota,26499,American National Bank of Minnesota,TRUE
24716,"American Plus Bank, National Association",58469,"American Plus Bank, National Association",TRUE
708384,"American Savings Bank, FSB",32526,"American Savings Bank, FSB",TRUE
24182,AMG National Trust Bank,57295,AMG National Trust Bank,TRUE
16625,Anahuac National Bank,22381,Anahuac National Bank,TRUE
5525,Anna-Jonesboro National Bank,3759,Anna-Jonesboro National Bank,TRUE
703874,Anthem Bank & Trust,29679,Anthem Bank & Trust,TRUE
702349,Arundel Federal Savings Bank,28780,Arundel Federal Savings Bank,TRUE
23695,"Associated Bank, National Association",5296,"Associated Bank, National Association",TRUE
24425,"Atlantic Capital Bank, National Association",35525,"Atlantic Capital Bank, National Association",TRUE
701305,"Auburn Savings Bank, FSB",28288,"Auburn Savings Bank, FSB",TRUE
5581,"Austin Bank, Texas National Association",3276,"Austin Bank, Texas National Association",TRUE
25139,"Axiom Bank, National Association",31390,"Axiom Bank, National Association",TRUE
716456,Axos Bank,35546,Axos Bank,TRUE
3956,Baker Boyer National Bank,2987,Baker Boyer National Bank,TRUE
1253,Ballston Spa National Bank,6959,Ballston Spa National Bank,TRUE
25080,"Banc of California, National Association",35498,"Banc of California, National Association",TRUE
12152,"BancCentral, National Association",4033,"BancCentral, National Association",TRUE
702889,Bank 34,29087,Bank 34,TRUE
13044,"Bank of America, National Association",3510,"Bank of America, National Association",TRUE
10844,"Bank of Bridger, National Association",2224,"Bank of Bridger, National Association",TRUE
16976,"Bank of Brookfield-Purdin, National Association",9385,"Bank of Brookfield-Purdin, National Association",TRUE
14510,"Bank of Hillsboro, National Association",16276,"Bank of Hillsboro, National Association",TRUE
4865,"Bank of Houston, National Association",3178,"Bank of Houston, National Association",TRUE
24100,"Bank of Southern California, National Association",57044,"Bank of Southern California, National Association",TRUE
17548,"Bank of Whittier, National Association",24211,"Bank of Whittier, National Association",TRUE
16643,"BankChampaign, National Association",22434,"BankChampaign, National Association",TRUE
25140,"BankFinancial, National Association",28808,"BankFinancial, National Association",TRUE
25028,"BankUnited, National Association",58979,"BankUnited, National Association",TRUE
23216,"Barrington Bank & Trust Company, National Association",34395,"Barrington Bank & Trust Company, National Association",TRUE
18358,"Beacon Business Bank, National Association",25644,"Beacon Business Bank, National Association",TRUE
24466,"Beverly Bank & Trust Company, National Association",57701,"Beverly Bank & Trust Company, National Association",TRUE
8674,"Big Bend Banks, National Association",3320,"Big Bend Banks, National Association",TRUE
24798,"Black Hills Community Bank, National Association",58723,"Black Hills Community Bank, National Association",TRUE
23903,"Blue Ridge Bank, National Association",35274,"Blue Ridge Bank, National Association",TRUE
14583,BMO Harris Bank National Association,16571,BMO Harris Bank National Association,TRUE
24224,BNC National Bank,57197,BNC National Bank,TRUE
13679,"BOKF, National Association",4214,"BOKF, National Association",TRUE
23290,"Bremer Bank, National Association",12923,"Bremer Bank, National Association",TRUE
14447,Broadway National Bank,15797,Broadway National Bank,TRUE
14479,Buena Vista National Bank,10844,Buena Vista National Bank,TRUE
24744,"Business Bank of Texas, National Association",58545,"Business Bank of Texas, National Association",TRUE
3656,"Cadence Bank, National Association",4999,"Cadence Bank, National Association",TRUE
24577,"California International Bank, A National Banking Association",57974,"California International Bank, A National Banking Association",TRUE
24049,"Canyon Community Bank, National Association",35547,"Canyon Community Bank, National Association",TRUE
13688,"Capital One, National Association",4297,"Capital One, National Association",TRUE
700670,Capitol Federal Savings Bank,27981,Capitol Federal Savings Bank,TRUE
17525,Capitol National Bank,24199,Capitol National Bank,TRUE
705273,Carver Federal Savings Bank,30394,Carver Federal Savings Bank,TRUE
412,Cayuga Lake National Bank,6954,Cayuga Lake National Bank,TRUE
7524,"Cendera Bank, National Association",3098,"Cendera Bank, National Association",TRUE
20448,Center National Bank,10976,Center National Bank,TRUE
24617,"CenTrust Bank, National Association",58158,"CenTrust Bank, National Association",TRUE
703912,Century Next Bank,29700,Century Next Bank,TRUE
24755,"Chain Bridge Bank, National Association",58595,"Chain Bridge Bank, National Association",TRUE
9405,Champlain National Bank,7356,Champlain National Bank,TRUE
702148,Chesapeake Bank of Maryland,28684,Chesapeake Bank of Maryland,TRUE
1461,"Citibank, N.A.",7213,"Citibank, N.A.",TRUE
24571,"Citizens Bank, National Association",57957,"Citizens Bank, National Association",TRUE
23834,"Citizens Bank, National Association",12309,"Citizens Bank, National Association",TRUE
25088,Citizens Community Federal National Association,57265,Citizens Community Federal National Association,TRUE
14273,Citizens National Bank at Brownwood,14779,Citizens National Bank at Brownwood,TRUE
14435,Citizens National Bank of Albion,15760,Citizens National Bank of Albion,TRUE
13522,Citizens National Bank of Cheboygan,5018,Citizens National Bank of Cheboygan,TRUE
8515,Citizens National Bank of Crosbyton,3158,Citizens National Bank of Crosbyton,TRUE
12955,Citizens National Bank of Greater St. Louis,4549,Citizens National Bank of Greater St. Louis,TRUE
13516,Citizens National Bank of Texas,5574,Citizens National Bank of Texas,TRUE
20184,"Citizens National Bank, National Association",26381,"Citizens National Bank, National Association",TRUE
706503,Citizens Savings Bank,31184,Citizens Savings Bank,TRUE
22968,"City First Bank of D.C., National Association",34352,"City First Bank of D.C., National Association",TRUE
14695,City National Bank,17281,City National Bank,TRUE
17652,City National Bank,24367,City National Bank,TRUE
15977,City National Bank of Florida,20234,City National Bank of Florida,TRUE
14807,City National Bank of West Virginia,17735,City National Bank of West Virginia,TRUE
15649,"Clare Bank, National Association",1022,"Clare Bank, National Association",TRUE
13731,"Classic Bank, National Association",3126,"Classic Bank, National Association",TRUE
24861,Coastal Carolina National Bank,58864,Coastal Carolina National Bank,TRUE
706809,"Colonial Savings, F.A.",31361,"Colonial Savings, F.A.",TRUE
702454,Columbia Bank,28834,Columbia Bank,TRUE
713248,Commercial Banking Company,16246,Commercial Banking Company,TRUE
15257,Commercial National Bank of Texarkana,19024,Commercial National Bank of Texarkana,TRUE
717528,Community Federal Savings Bank,57129,Community Federal Savings Bank,TRUE
24080,Community First National Bank,35585,Community First National Bank,TRUE
21389,Community National Bank & Trust,27046,Community National Bank & Trust,TRUE
14898,Community National Bank & Trust of Texas,18185,Community National Bank & Trust of Texas,TRUE
18233,Community National Bank of Okarche,25161,Community National Bank of Okarche,TRUE
21699,"Community West Bank, National Association",27572,"Community West Bank, National Association",TRUE
12898,"CommunityBank of Texas, National Association",3363,"CommunityBank of Texas, National Association",TRUE
23664,"Connecticut Community Bank, National Association",34876,"Connecticut Community Bank, National Association",TRUE
15543,Consumers National Bank,19482,Consumers National Bank,TRUE
24859,"Cornerstone Bank, National Association",58859,"Cornerstone Bank, National Association",TRUE
24114,Cornerstone National Bank & Trust Company,57061,Cornerstone National Bank & Trust Company,TRUE
14062,County National Bank,14073,County National Bank,TRUE
17828,Crockett National Bank,24561,Crockett National Bank,TRUE
23574,"Crystal Lake Bank & Trust Company, National Association",34681,"Crystal Lake Bank & Trust Company, National Association",TRUE
704877,Cullman Savings Bank,30167,Cullman Savings Bank,TRUE
10254,Cumberland Valley National Bank & Trust Company,2691,Cumberland Valley National Bank & Trust Company,TRUE
24604,"Dakota Community Bank & Trust, National Association",15728,"Dakota Community Bank & Trust, National Association",TRUE
15980,"Dallas Capital Bank, National Association",20727,"Dallas Capital Bank, National Association",TRUE
12877,DNB National Bank,3977,DNB National Bank,TRUE
24249,Douglas National Bank,57230,Douglas National Bank,TRUE
708183,"Eastern Savings Bank, FSB",32360,"Eastern Savings Bank, FSB",TRUE
704194,Eaton Federal Savings Bank,29846,Eaton Federal Savings Bank,TRUE
23329,Edison National Bank,34489,Edison National Bank,TRUE
24679,Embassy National Bank,58413,Embassy National Bank,TRUE
24777,Empire National Bank,58632,Empire National Bank,TRUE
25125,"Esquire Bank, National Association",58140,"Esquire Bank, National Association",TRUE
11583,"Evans Bank, National Association",6947,"Evans Bank, National Association",TRUE
702610,Evergreen Federal Bank,28914,Evergreen Federal Bank,TRUE
17000,Evergreen National Bank,23404,Evergreen National Bank,TRUE
13778,"Extraco Banks, National Association",5551,"Extraco Banks, National Association",TRUE
24373,Falcon National Bank,57603,Falcon National Bank,TRUE
703330,Family Bank,29357,Family Bank,TRUE
715205,"Farm Bureau Bank, FSB",35157,"Farm Bureau Bank, FSB",TRUE
5629,"FCN Bank, National Association",4319,"FCN Bank, National Association",TRUE
25188,"Fidelity Bank, National Association",30895,"Fidelity Bank, National Association",TRUE
700133,Fifth District Savings Bank,27697,Fifth District Savings Bank,TRUE
6769,"First & Farmers National Bank, Inc.",2738,"First & Farmers National Bank, Inc.",TRUE
24758,"First American Bank, National Association",58593,"First American Bank, National Association",TRUE
15386,First American National Bank,19226,First American National Bank,TRUE
14564,"First Bankers Trust Company, National Association",16501,"First Bankers Trust Company, National Association",TRUE
24169,"First Century Bank, National Association",57123,"First Century Bank, National Association",TRUE
6671,First Colorado National Bank,3047,First Colorado National Bank,TRUE
713570,First Command Bank,34415,First Command Bank,TRUE
17862,"First Commercial Bank, National Association",24603,"First Commercial Bank, National Association",TRUE
17694,First Community National Bank,1639,First Community National Bank,TRUE
2068,First Dakota National Bank,4028,First Dakota National Bank,TRUE
22351,First Farmers & Merchants National Bank,33131,First Farmers & Merchants National Bank,TRUE
13544,First Farmers & Merchants National Bank,5186,First Farmers & Merchants National Bank,TRUE
706707,First Federal Bank,31313,First Federal Bank,TRUE
706343,First Federal Bank,31077,First Federal Bank,TRUE
703619,First Federal Bank & Trust,29537,First Federal Bank & Trust,TRUE
705339,First Federal Bank of Louisiana,30441,First Federal Bank of Louisiana,TRUE
705313,First Federal Bank of Wisconsin,30422,First Federal Bank of Wisconsin,TRUE
25025,"First Federal Community Bank, National Association",29787,"First Federal Community Bank, National Association",TRUE
702631,First Federal Savings Bank,28924,First Federal Savings Bank,TRUE
707101,First Federal Savings Bank,31516,First Federal Savings Bank,TRUE
704381,First Federal Savings Bank of Kentucky,29937,First Federal Savings Bank of Kentucky,TRUE
47,"First Financial Bank, National Association",4382,"First Financial Bank, National Association",TRUE
4166,"First Financial Bank, National Association",3066,"First Financial Bank, National Association",TRUE
10118,"First Hope Bank, A National Banking Association",6354,"First Hope Bank, A National Banking Association",TRUE
10045,"First Mid Bank & Trust, National Association",3705,"First Mid Bank & Trust, National Association",TRUE
703764,"First Mutual Bank, FSB",29617,"First Mutual Bank, FSB",TRUE
1926,First National Bank & Trust Company,3639,First National Bank & Trust Company,TRUE
5052,First National Bank & Trust Company of McAlester,4145,First National Bank & Trust Company of McAlester,TRUE
12072,First National Bank Alaska,16130,First National Bank Alaska,TRUE
3248,First National Bank Albany/Breckenridge,3067,First National Bank Albany/Breckenridge,TRUE
10697,First National Bank and Trust,2779,First National Bank and Trust,TRUE
3601,First National Bank and Trust,4756,First National Bank and Trust,TRUE
8029,First National Bank and Trust Co. of Bottineau,3902,First National Bank and Trust Co. of Bottineau,TRUE
13677,First National Bank and Trust Company of Ardmore,4037,First National Bank and Trust Company of Ardmore,TRUE
15407,First National Bank and Trust Company of Weatherford,19263,First National Bank and Trust Company of Weatherford,TRUE
14184,First National Bank at Darlington,14468,First National Bank at Darlington,TRUE
14168,First National Bank in DeRidder,14427,First National Bank in DeRidder,TRUE
11916,First National Bank in Frankfort,4668,First National Bank in Frankfort,TRUE
14144,First National Bank in Howell,14370,First National Bank in Howell,TRUE
14294,First National Bank in New Bremen,14836,First National Bank in New Bremen,TRUE
13557,First National Bank in Ord,5460,First National Bank in Ord,TRUE
10637,First National Bank in Philip,3999,First National Bank in Philip,TRUE
13975,First National Bank in Pinckneyville,13813,First National Bank in Pinckneyville,TRUE
14821,First National Bank in Port Lavaca,17811,First National Bank in Port Lavaca,TRUE
14769,First National Bank in Taylorville,17572,First National Bank in Taylorville,TRUE
1794,First National Bank Minnesota,5247,First National Bank Minnesota,TRUE
18214,First National Bank Northwest Florida,25122,First National Bank Northwest Florida,TRUE
14905,First National Bank of Alvin,18282,First National Bank of Alvin,TRUE
14740,First National Bank of America,17438,First National Bank of America,TRUE
7337,First National Bank of Anderson,3075,First National Bank of Anderson,TRUE
13675,First National Bank of Bosque County,5564,First National Bank of Bosque County,TRUE
14993,First National Bank of Brookfield,18564,First National Bank of Brookfield,TRUE
17001,First National Bank of Burleson,23430,First National Bank of Burleson,TRUE
5850,First National Bank of Central Texas,3325,First National Bank of Central Texas,TRUE
14637,First National Bank of Chadron,16859,First National Bank of Chadron,TRUE
15284,First National Bank of Clarksdale,19070,First National Bank of Clarksdale,TRUE
22327,First National Bank of Coffee County,33506,First National Bank of Coffee County,TRUE
24458,First National Bank of Decatur County,57694,First National Bank of Decatur County,TRUE
20026,First National Bank of Dublin,26228,First National Bank of Dublin,TRUE
13637,First National Bank of Eastern Arkansas,3863,First National Bank of Eastern Arkansas,TRUE
14842,First National Bank of Fort Stockton,17913,First National Bank of Fort Stockton,TRUE
4410,First National Bank of Giddings,3217,First National Bank of Giddings,TRUE
15158,First National Bank of Gillette,18880,First National Bank of Gillette,TRUE
15572,First National Bank of Griffin,169,First National Bank of Griffin,TRUE
23692,First National Bank of Hereford,34918,First National Bank of Hereford,TRUE
4208,First National Bank of Huntsville,3269,First National Bank of Huntsville,TRUE
2592,First National Bank of Kentucky,2735,First National Bank of Kentucky,TRUE
12523,First National Bank of Louisiana,4288,First National Bank of Louisiana,TRUE
24637,First National Bank of Michigan,58259,First National Bank of Michigan,TRUE
15579,First National Bank of Muscatine,961,First National Bank of Muscatine,TRUE
14436,First National Bank of Nokomis,15763,First National Bank of Nokomis,TRUE
10406,First National Bank of North Arkansas,3854,First National Bank of North Arkansas,TRUE
11397,First National Bank of Oklahoma,4211,First National Bank of Oklahoma,TRUE
209,First National Bank of Omaha,5452,First National Bank of Omaha,TRUE
13478,First National Bank of Pana,3720,First National Bank of Pana,TRUE
20976,First National Bank of Pasco,26829,First National Bank of Pasco,TRUE
249,First National Bank of Pennsylvania,7888,First National Bank of Pennsylvania,TRUE
14592,First National Bank of Picayune,16612,First National Bank of Picayune,TRUE
14619,First National Bank of Pulaski,15572,First National Bank of Pulaski,TRUE
14680,First National Bank of Scotia,11501,First National Bank of Scotia,TRUE
10680,First National Bank of South Carolina,2107,First National Bank of South Carolina,TRUE
18063,First National Bank of South Padre Island,24902,First National Bank of South Padre Island,TRUE
14437,First National Bank of Steeleville,1049,First National Bank of Steeleville,TRUE
15550,First National Bank of Tennessee,19502,First National Bank of Tennessee,TRUE
14882,First National Bank of Wauchula,18136,First National Bank of Wauchula,TRUE
5674,First National Bank of Winnsboro,5590,First National Bank of Winnsboro,TRUE
5750,First National Bank Texas,3285,First National Bank Texas,TRUE
16473,First National Bank USA,22046,First National Bank USA,TRUE
14833,"First National Bank, Cortez",17872,"First National Bank, Cortez",TRUE
16487,First National Community Bank,22092,First National Community Bank,TRUE
11412,First National Community Bank,5357,First National Community Bank,TRUE
13682,"First Neighbor Bank, National Association",3747,"First Neighbor Bank, National Association",TRUE
8752,First Pioneer National Bank,3063,First Pioneer National Bank,TRUE
23393,"First Robinson Savings Bank, National Association",28105,"First Robinson Savings Bank, National Association",TRUE
708547,First Savings Bank,32629,First Savings Bank,TRUE
703997,First Seacoast Bank,29744,First Seacoast Bank,TRUE
1493,First Southern National Bank,2700,First Southern National Bank,TRUE
14005,First Texoma National Bank,13905,First Texoma National Bank,TRUE
9480,First United National Bank,7886,First United National Bank,TRUE
707674,First Western Federal Savings Bank,31972,First Western Federal Savings Bank,TRUE
23681,"FirstCapital Bank of Texas, National Association",35028,"FirstCapital Bank of Texas, National Association",TRUE
13934,First-Lockhart National Bank,13599,First-Lockhart National Bank,TRUE
708412,"Flagstar Bank, FSB",32541,"Flagstar Bank, FSB",TRUE
20214,"Florida Capital Bank, National Association",26323,"Florida Capital Bank, National Association",TRUE
24349,"Forcht Bank, National Association",57415,"Forcht Bank, National Association",TRUE
14566,Forest Park National Bank and Trust Company,15945,Forest Park National Bank and Trust Company,TRUE
703069,Fox Valley Savings Bank,29188,Fox Valley Savings Bank,TRUE
24257,Freedom National Bank,57254,Freedom National Bank,TRUE
24891,"Fulton Bank, National Association",7551,"Fulton Bank, National Association",TRUE
700257,Gate City Bank,27774,Gate City Bank,TRUE
718024,Generations Bank,16040,Generations Bank,TRUE
7699,Glens Falls National Bank and Trust Company,7074,Glens Falls National Bank and Trust Company,TRUE
18558,"Golden Bank, National Association",26223,"Golden Bank, National Association",TRUE
702253,"Golden Belt Bank, FSA",28735,"Golden Belt Bank, FSA",TRUE
20862,"Golden Pacific Bank, National Association",26881,"Golden Pacific Bank, National Association",TRUE
6684,Grand Ridge National Bank,3674,Grand Ridge National Bank,TRUE
25152,"Grasshopper Bank, National Association",59113,"Grasshopper Bank, National Association",TRUE
23049,Great Plains National Bank,34207,Great Plains National Bank,TRUE
706518,"Greeneville Federal Bank, FSB",31198,"Greeneville Federal Bank, FSB",TRUE
700641,Greenville Federal,27965,Greenville Federal,TRUE
13944,Greenville National Bank,13703,Greenville National Bank,TRUE
25053,"Guaranty Bank & Trust, National Association",1208,"Guaranty Bank & Trust, National Association",TRUE
14149,Haskell National Bank,14399,Haskell National Bank,TRUE
14911,Hawaii National Bank,18296,Hawaii National Bank,TRUE
23773,Heartland National Bank,35052,Heartland National Bank,TRUE
703155,Henderson Federal Savings Bank,29241,Henderson Federal Savings Bank,TRUE
703691,Heritage Bank of St. Tammany,29577,Heritage Bank of St. Tammany,TRUE
15401,"Heritage Bank, National Association",19254,"Heritage Bank, National Association",TRUE
15698,Hiawatha National Bank,13058,Hiawatha National Bank,TRUE
15359,Hilltop National Bank,19184,Hilltop National Bank,TRUE
25212,"Hinsdale Bank & Trust Company, National Association",33849,"Hinsdale Bank & Trust Company, National Association",TRUE
25106,"Home Bank, National Association",28094,"Home Bank, National Association",TRUE
700057,Home Federal Bank,27654,Home Federal Bank,TRUE
703879,Home Federal Bank of Tennessee,29683,Home Federal Bank of Tennessee,TRUE
702818,Home Federal Savings Bank,29042,Home Federal Savings Bank,TRUE
712504,"Home Loan Investment Bank, F.S.B.",27417,"Home Loan Investment Bank, F.S.B.",TRUE
708286,Homeland Federal Savings Bank,32459,Homeland Federal Savings Bank,TRUE
718109,Homestead Savings Bank,28667,Homestead Savings Bank,TRUE
15593,"Hometown Bank, National Association",19603,"Hometown Bank, National Association",TRUE
2503,Hometown National Bank,3691,Hometown National Bank,TRUE
24522,"HSBC Bank USA, National Association",57890,"HSBC Bank USA, National Association",TRUE
11443,"INB, National Association",3664,"INB, National Association",TRUE
12190,"Incommons Bank, National Association",3342,"Incommons Bank, National Association",TRUE
18283,"Intercredit Bank, National Association",25258,"Intercredit Bank, National Association",TRUE
718151,International City Bank,25648,International City Bank,TRUE
25185,"Investar Bank, National Association",58316,"Investar Bank, National Association",TRUE
15292,Inwood National Bank,19080,Inwood National Bank,TRUE
8,"JPMorgan Chase Bank, National Association",628,"JPMorgan Chase Bank, National Association",TRUE
14330,Junction National Bank,15078,Junction National Bank,TRUE
20622,"KEB Hana Bank USA, National Association",26790,"KEB Hana Bank USA, National Association",TRUE
14761,KeyBank National Association,17534,KeyBank National Association,TRUE
23183,"Keystone Bank, National Association",34456,"Keystone Bank, National Association",TRUE
9536,Kingston National Bank,6616,Kingston National Bank,TRUE
12968,"Kleberg Bank, National Association",3286,"Kleberg Bank, National Association",TRUE
25149,"Lake Forest Bank & Trust Company, National Association",27589,"Lake Forest Bank & Trust Company, National Association",TRUE
705506,Lake Shore Savings Bank,30530,Lake Shore Savings Bank,TRUE
17106,Lamar National Bank,23597,Lamar National Bank,TRUE
23038,Landmark National Bank,5826,Landmark National Bank,TRUE
2360,LCNB National Bank,6623,LCNB National Bank,TRUE
24131,"Leader Bank, National Association",57134,"Leader Bank, National Association",TRUE
22210,Ledyard National Bank,33418,Ledyard National Bank,TRUE
24573,Legacy National Bank,57953,Legacy National Bank,TRUE
4265,"Legend Bank, National Association",3108,"Legend Bank, National Association",TRUE
24378,Liberty National Bank,57505,Liberty National Bank,TRUE
5425,Liberty National Bank,6516,Liberty National Bank,TRUE
23516,Liberty National Bank,11522,Liberty National Bank,TRUE
25197,"Libertyville Bank & Trust Company, National Association",34073,"Libertyville Bank & Trust Company, National Association",TRUE
17606,Llano National Bank,24305,Llano National Bank,TRUE
23730,"Lone Star Capital Bank, National Association",35015,"Lone Star Capital Bank, National Association",TRUE
17611,Lone Star National Bank,24347,Lone Star National Bank,TRUE
700179,Lyons Federal Bank,27727,Lyons Federal Bank,TRUE
25153,"Malvern Bank, National Association",27861,"Malvern Bank, National Association",TRUE
701899,"Maple City Savings Bank, FSB",28585,"Maple City Savings Bank, FSB",TRUE
14488,"Merchants Bank, National Association",8866,"Merchants Bank, National Association",TRUE
25195,"MetaBank, National Association",30776,"MetaBank, National Association",TRUE
701452,"Middlesex Federal Savings, F.A.",28368,"Middlesex Federal Savings, F.A.",TRUE
10354,"Midstates Bank, National Association",4465,"Midstates Bank, National Association",TRUE
712423,"Midwest Heritage Bank, F.S.B.",4432,"Midwest Heritage Bank, F.S.B.",TRUE
704167,Milford Federal Bank,29835,Milford Federal Bank,TRUE
6417,Minnesota National Bank,5249,Minnesota National Bank,TRUE
16629,"Modern Bank, National Association",22398,"Modern Bank, National Association",TRUE
8899,Moody National Bank,3210,Moody National Bank,TRUE
9610,"Mountain Valley Bank, National Association",6786,"Mountain Valley Bank, National Association",TRUE
21541,"MUFG Union Bank, National Association",22826,"MUFG Union Bank, National Association",TRUE
704516,Mutual Savings Bank,29999,Mutual Savings Bank,TRUE
14617,National Bank of St. Anne,16752,National Bank of St. Anne,TRUE
13879,National Exchange Bank and Trust,10044,National Exchange Bank and Trust,TRUE
4097,National United,3214,National United,TRUE
21158,"Native American Bank, National Association",27026,"Native American Bank, National Association",TRUE
22770,Neighborhood National Bank,34548,Neighborhood National Bank,TRUE
15161,Neighborhood National Bank,18885,Neighborhood National Bank,TRUE
703043,New Carlisle Federal Savings Bank,29173,New Carlisle Federal Savings Bank,TRUE
24858,"New Horizon Bank, National Association",58857,"New Horizon Bank, National Association",TRUE
16840,"New Omni Bank, National Association",23086,"New Omni Bank, National Association",TRUE
14240,Newfield National Bank,14646,Newfield National Bank,TRUE
703575,Newton Federal Bank,29510,Newton Federal Bank,TRUE
5073,"NexTier Bank, National Association",7900,"NexTier Bank, National Association",TRUE
24107,Nicolet National Bank,57038,Nicolet National Bank,TRUE
23547,North Georgia National Bank,34662,North Georgia National Bank,TRUE
702130,"North Shore Bank, FSB",28679,"North Shore Bank, FSB",TRUE
700108,North Shore Trust and Savings,27683,North Shore Trust and Savings,TRUE
25199,"Northbrook Bank & Trust Company, National Association",57082,"Northbrook Bank & Trust Company, National Association",TRUE
24626,Northern California National Bank,58224,Northern California National Bank,TRUE
6863,"Northern Interstate Bank, National Association",13784,"Northern Interstate Bank, National Association",TRUE
718063,Northfield Bank,28710,Northfield Bank,TRUE
24372,"Northwestern Bank, National Association",9746,"Northwestern Bank, National Association",TRUE
714810,Northwoods Bank of Minnesota,1415,Northwoods Bank of Minnesota,TRUE
24849,Oak View National Bank,58827,Oak View National Bank,TRUE
25150,"OceanFirst Bank, National Association",28359,"OceanFirst Bank, National Association",TRUE
24730,Old Dominion National Bank,58504,Old Dominion National Bank,TRUE
24646,"Old Plank Trail Community Bank, National Association",58314,"Old Plank Trail Community Bank, National Association",TRUE
4596,Old Second National Bank,3603,Old Second National Bank,TRUE
7748,Ozona National Bank,3376,Ozona National Bank,TRUE
20010,Pacific National Bank,26299,Pacific National Bank,TRUE
14418,Peoples National Bank of Kewanee,926,Peoples National Bank of Kewanee,TRUE
25103,"People's United Bank, National Association",27334,"People's United Bank, National Association",TRUE
703367,Peru Federal Savings Bank,29384,Peru Federal Savings Bank,TRUE
700007,Piedmont Federal Savings Bank,27619,Piedmont Federal Savings Bank,TRUE
20493,Pike National Bank,26379,Pike National Bank,TRUE
15058,Pikes Peak National Bank,17782,Pikes Peak National Bank,TRUE
700450,Pioneer Bank,27872,Pioneer Bank,TRUE
21060,"Pioneer Trust Bank, National Association",19827,"Pioneer Trust Bank, National Association",TRUE
1316,"PNC Bank, National Association",6384,"PNC Bank, National Association",TRUE
706509,Ponce Bank,31189,Ponce Bank,TRUE
9924,Powell Valley National Bank,6863,Powell Valley National Bank,TRUE
708186,"Presidential Bank, FSB",32363,"Presidential Bank, FSB",TRUE
703235,Prevail Bank,29294,Prevail Bank,TRUE
17735,Progressive National Bank,24443,Progressive National Bank,TRUE
22905,Quantum National Bank,34110,Quantum National Bank,TRUE
708433,Radius Bank,32551,Radius Bank,TRUE
5886,Ramsey National Bank,3914,Ramsey National Bank,TRUE
15482,"Relyance Bank, National Association",19371,"Relyance Bank, National Association",TRUE
5815,"Resource Bank, National Association",3701,"Resource Bank, National Association",TRUE
704347,Riverview Community Bank,29922,Riverview Community Bank,TRUE
707794,Rollstone Bank & Trust,17797,Rollstone Bank & Trust,TRUE
701142,San Luis Valley Federal Bank,28208,San Luis Valley Federal Bank,TRUE
25022,"Santander Bank, National Association",29950,"Santander Bank, National Association",TRUE
21530,Saratoga National Bank and Trust Company,27290,Saratoga National Bank and Trust Company,TRUE
24150,"Schaumburg Bank & Trust Company, National Association",57103,"Schaumburg Bank & Trust Company, National Association",TRUE
14838,Seacoast National Bank,131,Seacoast National Bank,TRUE
24649,Seaside National Bank & Trust,58328,Seaside National Bank & Trust,TRUE
707228,Security Federal Savings Bank,31592,Security Federal Savings Bank,TRUE
702578,Security Federal Savings Bank,28894,Security Federal Savings Bank,TRUE
14578,Security First National Bank of Hugo,432,Security First National Bank of Hugo,TRUE
15379,Security National Bank of Omaha,19213,Security National Bank of Omaha,TRUE
23226,Security National Bank of South Dakota,34394,Security National Bank of South Dakota,TRUE
703552,Seneca Savings,29496,Seneca Savings,TRUE
12529,"Shamrock Bank, National Association",4236,"Shamrock Bank, National Association",TRUE
10834,Skyline National Bank,6861,Skyline National Bank,TRUE
9987,"SNB Bank, National Association",4196,"SNB Bank, National Association",TRUE
24737,Solera National Bank,58534,Solera National Bank,TRUE
22311,"South State Bank, National Association",33555,"South State Bank, National Association",TRUE
15651,Southeast First National Bank,19819,Southeast First National Bank,TRUE
704013,Southern Hills Community Bank,29749,Southern Hills Community Bank,TRUE
12346,Southwest National Bank,4801,Southwest National Bank,TRUE
23081,Southwestern National Bank,34319,Southwestern National Bank,TRUE
25211,"St. Charles Bank & Trust Company, National Association",27052,"St. Charles Bank & Trust Company, National Association",TRUE
15198,St. Martin National Bank,18937,St. Martin National Bank,TRUE
25200,"State Bank of the Lakes, National Association",5744,"State Bank of the Lakes, National Association",TRUE
15576,Stearns Bank National Association,10988,Stearns Bank National Association,TRUE
700073,"Sterling Federal Bank, F.S.B.",27664,"Sterling Federal Bank, F.S.B.",TRUE
25075,Sterling National Bank,30337,Sterling National Bank,TRUE
12044,"Stride Bank, National Association",4091,"Stride Bank, National Association",TRUE
12095,Stroud National Bank,4204,Stroud National Bank,TRUE
18154,Summit National Bank,25054,Summit National Bank,TRUE
4742,"Sunflower Bank, National Association",4767,"Sunflower Bank, National Association",TRUE
14991,"Sunrise Banks, National Association",18561,"Sunrise Banks, National Association",TRUE
9087,Superior National Bank & Trust Company,5058,Superior National Bank & Trust Company,TRUE
23253,TCF National Bank,28330,TCF National Bank,TRUE
10476,"Texana Bank, National Association",3302,"Texana Bank, National Association",TRUE
24693,"Texas Advantage Community Bank, National Association",58450,"Texas Advantage Community Bank, National Association",TRUE
23248,"Texas Capital Bank, National Association",34383,"Texas Capital Bank, National Association",TRUE
24640,"Texas Citizens Bank, National Association",58319,"Texas Citizens Bank, National Association",TRUE
10420,"Texas Gulf Bank, National Association",3206,"Texas Gulf Bank, National Association",TRUE
4701,Texas Heritage National Bank,3161,Texas Heritage National Bank,TRUE
11879,Texas National Bank,3337,Texas National Bank,TRUE
22807,Texas National Bank,34014,Texas National Bank,TRUE
18594,Texas National Bank of Jacksonville,26181,Texas National Bank of Jacksonville,TRUE
12308,"Texas Republic Bank, National Association",3400,"Texas Republic Bank, National Association",TRUE
24465,TexStar National Bank,57704,TexStar National Bank,TRUE
16799,The American National Bank of Mount Pleasant,22942,The American National Bank of Mount Pleasant,TRUE
17043,The American National Bank of Texas,23474,The American National Bank of Texas,TRUE
13770,The Bank National Association,4146,The Bank National Association,TRUE
705214,The Bank of Bennington,30350,The Bank of Bennington,TRUE
718028,The Bank of Greene County,21591,The Bank of Greene County,TRUE
9734,The Bradford National Bank of Greenville,3799,The Bradford National Bank of Greenville,TRUE
7827,The Brady National Bank,3109,The Brady National Bank,TRUE
13678,The Brenham National Bank,3113,The Brenham National Bank,TRUE
3817,The Canandaigua National Bank and Trust Company,6985,The Canandaigua National Bank and Trust Company,TRUE
12158,The Central National Bank of Poteau,4181,The Central National Bank of Poteau,TRUE
11573,The Citizens National Bank of Bluffton,6531,The Citizens National Bank of Bluffton,TRUE
4900,The Citizens National Bank of Hillsboro,3255,The Citizens National Bank of Hillsboro,TRUE
3988,The Citizens National Bank of Lebanon,2753,The Citizens National Bank of Lebanon,TRUE
7266,The Citizens National Bank of Meridian,4993,The Citizens National Bank of Meridian,TRUE
13692,The Citizens National Bank of Park Rapids,5223,The Citizens National Bank of Park Rapids,TRUE
14255,The Citizens National Bank of Quitman,14731,The Citizens National Bank of Quitman,TRUE
11544,The Citizens National Bank of Somerset,2725,The Citizens National Bank of Somerset,TRUE
13847,The Citizens National Bank of Woodsfield,6732,The Citizens National Bank of Woodsfield,TRUE
5753,"The City National Bank and Trust Company of Lawton, Oklahoma",4132,"The City National Bank and Trust Company of Lawton, Oklahoma",TRUE
8745,The City National Bank of Metropolis,3814,The City National Bank of Metropolis,TRUE
3989,The City National Bank of Sulphur Springs,5544,The City National Bank of Sulphur Springs,TRUE
5275,The City National Bank of Taylor,5548,The City National Bank of Taylor,TRUE
994,The Clinton National Bank,4439,The Clinton National Bank,TRUE
8573,The Commercial National Bank of Brady,3110,The Commercial National Bank of Brady,TRUE
10536,The Conway National Bank,2102,The Conway National Bank,TRUE
1323,The Delaware National Bank of Delhi,7025,The Delaware National Bank of Delhi,TRUE
2515,The Ephrata National Bank,7493,The Ephrata National Bank,TRUE
8606,The Falls City National Bank,3193,The Falls City National Bank,TRUE
9767,The Farmers and Merchants National Bank of Fairview,4097,The Farmers and Merchants National Bank of Fairview,TRUE
8221,The Farmers and Merchants National Bank of Nashville,3821,The Farmers and Merchants National Bank of Nashville,TRUE
2409,The Farmers National Bank of Danville,2740,The Farmers National Bank of Danville,TRUE
5481,The Farmers National Bank of Emlenton,7875,The Farmers National Bank of Emlenton,TRUE
4271,The Farmers National Bank of Lebanon,2754,The Farmers National Bank of Lebanon,TRUE
8345,The Fayette County National Bank of Fayetteville,6762,The Fayette County National Bank of Fayetteville,TRUE
12850,The First Liberty National Bank,3301,The First Liberty National Bank,TRUE
2725,The First National Bank and Trust Company,5285,The First National Bank and Trust Company,TRUE
7115,The First National Bank and Trust Company of Broken Arrow,4050,The First National Bank and Trust Company of Broken Arrow,TRUE
5252,The First National Bank and Trust Company of Miami,4148,The First National Bank and Trust Company of Miami,TRUE
324,The First National Bank and Trust Company of Newtown,7658,The First National Bank and Trust Company of Newtown,TRUE
11001,The First National Bank and Trust Company of Okmulgee,4170,The First National Bank and Trust Company of Okmulgee,TRUE
14209,The First National Bank at Paris,14534,The First National Bank at Paris,TRUE
14244,The First National Bank in Amboy,14674,The First National Bank in Amboy,TRUE
14268,The First National Bank in Carlyle,14761,The First National Bank in Carlyle,TRUE
12636,The First National Bank in Creston,4444,The First National Bank in Creston,TRUE
14072,The First National Bank in Falfurrias,14095,The First National Bank in Falfurrias,TRUE
20838,The First National Bank in Marlow,26260,The First National Bank in Marlow,TRUE
3393,The First National Bank in Sioux Falls,4016,The First National Bank in Sioux Falls,TRUE
13579,The First National Bank in Tremont,3749,The First National Bank in Tremont,TRUE
14222,The First National Bank in Trinidad,14584,The First National Bank in Trinidad,TRUE
10823,The First National Bank of Absecon,6442,The First National Bank of Absecon,TRUE
8293,The First National Bank of Allendale,12365,The First National Bank of Allendale,TRUE
9183,The First National Bank of Arenzville,3599,The First National Bank of Arenzville,TRUE
5786,The First National Bank of Aspermont,3079,The First National Bank of Aspermont,TRUE
5316,The First National Bank of Assumption,3600,The First National Bank of Assumption,TRUE
10911,The First National Bank of Ava,3761,The First National Bank of Ava,TRUE
3533,The First National Bank of Ballinger,3087,The First National Bank of Ballinger,TRUE
13202,The First National Bank of Bangor,5337,The First National Bank of Bangor,TRUE
4093,The First National Bank of Bastrop,3091,The First National Bank of Bastrop,TRUE
4241,The First National Bank of Bellville,3099,The First National Bank of Bellville,TRUE
5582,The First National Bank of Bemidji,5093,The First National Bank of Bemidji,TRUE
10397,The First National Bank of Brownstown,3770,The First National Bank of Brownstown,TRUE
7429,The First National Bank of Brundidge,2786,The First National Bank of Brundidge,TRUE
11622,The First National Bank of Buhl,5105,The First National Bank of Buhl,TRUE
4934,The First National Bank of Carmi,3777,The First National Bank of Carmi,TRUE
12395,The First National Bank of Cokato,5115,The First National Bank of Cokato,TRUE
13802,The First National Bank of Dennison,6574,The First National Bank of Dennison,TRUE
9773,The First National Bank of Dighton,4654,The First National Bank of Dighton,TRUE
9681,The First National Bank of Dozier,2794,The First National Bank of Dozier,TRUE
6487,The First National Bank of Dryden,7031,The First National Bank of Dryden,TRUE
7534,The First National Bank of Eagle Lake,3179,The First National Bank of Eagle Lake,TRUE
8575,The First National Bank of Eldorado,3184,The First National Bank of Eldorado,TRUE
6707,The First National Bank of Elmer,6464,The First National Bank of Elmer,TRUE
12739,The First National Bank of Evant,3190,The First National Bank of Evant,TRUE
7045,The First National Bank of Floydada,3197,The First National Bank of Floydada,TRUE
1950,The First National Bank of Fort Smith,3864,The First National Bank of Fort Smith,TRUE
86,The First National Bank of Germantown,6592,The First National Bank of Germantown,TRUE
9262,The First National Bank of Gilbert,5150,The First National Bank of Gilbert,TRUE
8521,The First National Bank of Gordon,5410,The First National Bank of Gordon,TRUE
3727,The First National Bank of Granbury,3228,The First National Bank of Granbury,TRUE
12982,The First National Bank of Grayson,2695,The First National Bank of Grayson,TRUE
1083,The First National Bank of Groton,7085,The First National Bank of Groton,TRUE
7592,The First National Bank of Hartford,2804,The First National Bank of Hartford,TRUE
12995,The First National Bank of Hebbronville,3248,The First National Bank of Hebbronville,TRUE
6906,The First National Bank of Henning,5162,The First National Bank of Henning,TRUE
10566,The First National Bank of Hooker,4123,The First National Bank of Hooker,TRUE
12384,The First National Bank of Hope,4690,The First National Bank of Hope,TRUE
6922,The First National Bank of Hughes Springs,3268,The First National Bank of Hughes Springs,TRUE
8489,The First National Bank of Hugo,3029,The First National Bank of Hugo,TRUE
3180,The First National Bank of Hutchinson,4697,The First National Bank of Hutchinson,TRUE
7768,The First National Bank of Jeanerette,4290,The First National Bank of Jeanerette,TRUE
11312,The First National Bank of Lawrence County at Walnut Ridge,3896,The First National Bank of Lawrence County at Walnut Ridge,TRUE
6921,The First National Bank of Le Center,5180,The First National Bank of Le Center,TRUE
6171,The First National Bank of Lindsay,4134,The First National Bank of Lindsay,TRUE
3962,The First National Bank of Litchfield,3807,The First National Bank of Litchfield,TRUE
6169,The First National Bank of Livingston,3305,The First National Bank of Livingston,TRUE
13126,The First National Bank of Long Island,7072,The First National Bank of Long Island,TRUE
11798,The First National Bank of Louisburg,4722,The First National Bank of Louisburg,TRUE
7605,The First National Bank of Manchester,2708,The First National Bank of Manchester,TRUE
5528,The First National Bank of Manchester,4951,The First National Bank of Manchester,TRUE
3455,The First National Bank of Manning,4477,The First National Bank of Manning,TRUE
9810,The First National Bank of Mertzon,3339,The First National Bank of Mertzon,TRUE
2221,The First National Bank of Middle Tennessee,4952,The First National Bank of Middle Tennessee,TRUE
9050,The First National Bank of Milaca,5198,The First National Bank of Milaca,TRUE
9784,The First National Bank of Monterey,4364,The First National Bank of Monterey,TRUE
5774,The First National Bank of Moody,3351,The First National Bank of Moody,TRUE
12947,The First National Bank of Moose Lake,5214,The First National Bank of Moose Lake,TRUE
13102,The First National Bank of Mount Dora,3579,The First National Bank of Mount Dora,TRUE
3959,"The First National Bank of Nevada, Missouri",4598,"The First National Bank of Nevada, Missouri",TRUE
8039,The First National Bank of Oneida,4958,The First National Bank of Oneida,TRUE
6837,The First National Bank of Osakis,5221,The First National Bank of Osakis,TRUE
1154,The First National Bank of Ottawa,3719,The First National Bank of Ottawa,TRUE
11343,The First National Bank of Pandora,6671,The First National Bank of Pandora,TRUE
4155,The First National Bank of Primghar,4494,The First National Bank of Primghar,TRUE
11706,The First National Bank of Quitaque,3401,The First National Bank of Quitaque,TRUE
6910,The First National Bank of Raymond,3830,The First National Bank of Raymond,TRUE
11348,The First National Bank of Russell Springs,2767,The First National Bank of Russell Springs,TRUE
9786,The First National Bank of Sandoval,3834,The First National Bank of Sandoval,TRUE
5628,The First National Bank of Shiner,5529,The First National Bank of Shiner,TRUE
5466,The First National Bank of Sonora,5531,The First National Bank of Sonora,TRUE
15000,The First National Bank of South Miami,17093,The First National Bank of South Miami,TRUE
7015,The First National Bank of Sparta,3837,The First National Bank of Sparta,TRUE
10161,The First National Bank of Spearville,4774,The First National Bank of Spearville,TRUE
9813,The First National Bank of Sterling City,5538,The First National Bank of Sterling City,TRUE
7217,The First National Bank of Stigler,4199,The First National Bank of Stigler,TRUE
11383,The First National Bank of Sycamore,6706,The First National Bank of Sycamore,TRUE
8114,The First National Bank of Syracuse,4779,The First National Bank of Syracuse,TRUE
11019,The First National Bank of Tom Bean,5557,The First National Bank of Tom Bean,TRUE
6544,The First National Bank of Waseca,5270,The First National Bank of Waseca,TRUE
5635,The First National Bank of Waverly,6725,The First National Bank of Waverly,TRUE
7899,The First National Bank of Waynesboro,2160,The First National Bank of Waynesboro,TRUE
6830,The First National Bank of Williamson,6805,The First National Bank of Williamson,TRUE
22949,"The First, A National Banking Association",34217,"The First, A National Banking Association",TRUE
14757,The Fisher National Bank,17513,The Fisher National Bank,TRUE
5842,The Home National Bank of Thorntown,14225,The Home National Bank of Thorntown,TRUE
644,The Honesdale National Bank,7526,The Honesdale National Bank,TRUE
7745,The Huntington National Bank,6560,The Huntington National Bank,TRUE
11913,The Idabel National Bank,4241,The Idabel National Bank,TRUE
7814,The Jacksboro National Bank,3275,The Jacksboro National Bank,TRUE
13111,The Lamesa National Bank,3292,The Lamesa National Bank,TRUE
13541,The Liberty National Bank in Paris,3384,The Liberty National Bank in Paris,TRUE
13479,The Lincoln National Bank of Hodgenville,2750,The Lincoln National Bank of Hodgenville,TRUE
10079,The Litchfield National Bank,3808,The Litchfield National Bank,TRUE
1027,The Lyons National Bank,7151,The Lyons National Bank,TRUE
23202,The Malvern National Bank,14644,The Malvern National Bank,TRUE
2449,The Merchants National Bank,6605,The Merchants National Bank,TRUE
6991,The Miners National Bank of Eveleth,5141,The Miners National Bank of Eveleth,TRUE
7194,The Morris County National Bank of Naples,3358,The Morris County National Bank of Naples,TRUE
715834,The Murray Bank,35161,The Murray Bank,TRUE
14788,The National Bank of Andrews,17603,The National Bank of Andrews,TRUE
12229,The National Bank of Blacksburg,6821,The National Bank of Blacksburg,TRUE
1398,The National Bank of Coxsackie,7018,The National Bank of Coxsackie,TRUE
22652,The National Bank of Indianapolis,33860,The National Bank of Indianapolis,TRUE
3147,The National Bank of Malvern,7590,The National Bank of Malvern,TRUE
16226,The National Bank of Texas at Fort Worth,21329,The National Bank of Texas at Fort Worth,TRUE
4107,The National Capital Bank of Washington,2093,The National Capital Bank of Washington,TRUE
676,The National Grand Bank of Marblehead,2608,The National Grand Bank of Marblehead,TRUE
1214,The National Iron Bank,2496,The National Iron Bank,TRUE
12471,The Neffs National Bank,7646,The Neffs National Bank,TRUE
7005,The Northumberland National Bank,7666,The Northumberland National Bank,TRUE
11780,The Old Exchange National Bank of Okawville,3827,The Old Exchange National Bank of Okawville,TRUE
12267,The Old Point National Bank of Phoebus,6892,The Old Point National Bank of Phoebus,TRUE
9179,The Park National Bank,6653,The Park National Bank,TRUE
7892,The Pauls Valley National Bank,4173,The Pauls Valley National Bank,TRUE
15733,The Pennsville National Bank,19978,The Pennsville National Bank,TRUE
10051,The Peoples National Bank of Checotah,4059,The Peoples National Bank of Checotah,TRUE
11595,The Perryton National Bank,3388,The Perryton National Bank,TRUE
5658,The Peshtigo National Bank,5317,The Peshtigo National Bank,TRUE
976,The Putnam County National Bank of Carmel,6990,The Putnam County National Bank of Carmel,TRUE
5267,The Riddell National Bank,4318,The Riddell National Bank,TRUE
8905,The Salyersville National Bank,2723,The Salyersville National Bank,TRUE
14315,The Security National Bank of Enid,14966,The Security National Bank of Enid,TRUE
3124,"The Security National Bank of Sioux City, Iowa",4506,"The Security National Bank of Sioux City, Iowa",TRUE
12543,The State National Bank of Big Spring,3103,The State National Bank of Big Spring,TRUE
12742,The State National Bank of Groom,3237,The State National Bank of Groom,TRUE
4137,The Stephenson National Bank and Trust,5306,The Stephenson National Bank and Trust,TRUE
24092,"The Tipton Latham Bank, National Association",1941,"The Tipton Latham Bank, National Association",TRUE
9803,The Turbotville National Bank,7789,The Turbotville National Bank,TRUE
22241,The University National Bank of Lawrence,32606,The University National Bank of Lawrence,TRUE
12018,The Upstate National Bank,13748,The Upstate National Bank,TRUE
2036,The Vinton County National Bank,6636,The Vinton County National Bank,TRUE
5203,The Waggoner National Bank of Vernon,5569,The Waggoner National Bank of Vernon,TRUE
8694,The Yoakum National Bank,5595,The Yoakum National Bank,TRUE
718037,Think Mutual Bank,58536,Think Mutual Bank,TRUE
22883,Thomasville National Bank,34068,Thomasville National Bank,TRUE
12437,"Titan Bank, National Association",3225,"Titan Bank, National Association",TRUE
24789,Touchmark National Bank,58687,Touchmark National Bank,TRUE
15738,Tri City National Bank,18922,Tri City National Bank,TRUE
17926,"Triad Bank, National Association",24677,"Triad Bank, National Association",TRUE
24397,"Trinity Bank, National Association",57543,"Trinity Bank, National Association",TRUE
707635,Trustco Bank,31945,Trustco Bank,TRUE
10523,Trustmark National Bank,4988,Trustmark National Bank,TRUE
23920,"UMB Bank, National Association",8273,"UMB Bank, National Association",TRUE
7236,Union National Bank,3661,Union National Bank,TRUE
24346,United Bank & Trust National Association,57391,United Bank & Trust National Association,TRUE
25160,"United Midwest Savings Bank, National Association",32441,"United Midwest Savings Bank, National Association",TRUE
23981,United National Bank,35427,United National Bank,TRUE
21008,Unity National Bank of Houston,26351,Unity National Bank of Houston,TRUE
15790,Valley National Bank,9396,Valley National Bank,TRUE
17174,"Vast Bank, National Association",23737,"Vast Bank, National Association",TRUE
13443,"VeraBank, National Association",3250,"VeraBank, National Association",TRUE
25210,"Viking Bank, National Association",32082,"Viking Bank, National Association",TRUE
23616,Virginia National Bank,34755,Virginia National Bank,TRUE
12591,"Vision Bank, National Association",4029,"Vision Bank, National Association",TRUE
25073,"Washington Federal Bank, National Association",28088,"Washington Federal Bank, National Association",TRUE
24685,"Waterford Bank, National Association",58433,"Waterford Bank, National Association",TRUE
24469,"Webster Bank, National Association",18221,"Webster Bank, National Association",TRUE
1,"Wells Fargo Bank, National Association",3511,"Wells Fargo Bank, National Association",TRUE
24185,West Texas National Bank,22957,West Texas National Bank,TRUE
24683,West Valley National Bank,58426,West Valley National Bank,TRUE
716697,"Westfield Bank, FSB",57077,"Westfield Bank, FSB",TRUE
25203,"Wheaton Bank & Trust Company, National Association",33803,"Wheaton Bank & Trust Company, National Association",TRUE
703267,WinFirst Bank,29313,WinFirst Bank,TRUE
701149,"Winter Hill Bank, FSB",28213,"Winter Hill Bank, FSB",TRUE
25142,Winter Park National Bank,59105,Winter Park National Bank,TRUE
25196,"Wintrust Bank, National Association",33935,"Wintrust Bank, National Association",TRUE
10865,"WNB Financial, National Association",5280,"WNB Financial, National Association",TRUE
16892,Woodforest National Bank,23220,Woodforest National Bank,TRUE
23926,Woodlands National Bank,1417,Woodlands National Bank,TRUE
24343,Worthington National Bank,57414,Worthington National Bank,TRUE
14688,Albany Bank and Trust Company National Association,17230,"Albany Bank and Trust Company, National Association",FALSE
20415,Bank of Desoto National Association,26542,"Bank of DeSoto, National Association",FALSE
713480,Banksouth,16418,BankSouth,FALSE
5737,"CapTex Bank, National Association",5558,"Captex Bank, National Association",FALSE
717428,Community Development Bank FSB,10568,"Community Development Bank, FSB",FALSE
715682,CornerstoneBank,35027,Cornerstone Bank,FALSE
23771,Cortrust Bank National Association,6063,CorTrust Bank National Association,FALSE
24719,Finemark National Bank & Trust,58486,FineMark National Bank & Trust,FALSE
10408,"First National Bank, Ames, Iowa",1545,"First National Bank Ames, Iowa",FALSE
704255,Home Bank SB,29881,"Home Bank, SB",FALSE
17269,Mccurtain County National Bank,23798,McCurtain County National Bank,FALSE
13838,Midamerica National Bank,3612,MidAmerica National Bank,FALSE
702518,Midcountry Bank,28865,MidCountry Bank,FALSE
714191,Midfirst Bank,4063,MidFirst Bank,FALSE
23797,"Midwest Bank, National Association",13255,Midwest Bank National Association,FALSE
13972,Minnstar Bank National Association,13809,MinnStar Bank National Association,FALSE
23645,Nebraskaland National Bank,34811,NebraskaLand National Bank,FALSE
6112,Newfirst National Bank,3183,NewFirst National Bank,FALSE
717954,"Pyramax Bank, FSB",29120,"PyraMax Bank, FSB",FALSE
700566,Riverwood Bank,27932,RiverWood Bank,FALSE
708190,"Severn Savings Bank, FSB",32367,"Severn Savings Bank, FSB d/b/a Severn Bank",FALSE
24264,"Signature Bank, National Association",57269,"Signature Bank, National Associatioin",FALSE
705329,Southfirst Bank,30433,SouthFirst Bank,FALSE
14012,"Southtrust Bank, National Association",13919,"SouthTrust Bank, National Association",FALSE
20157,Terrabank National Association,26442,"Terrabank, National Association",FALSE
3654,The Farmers' National Bank of Canfield,6540,The Farmers National Bank of Canfield,FALSE
2488,The First Central National Bank of St. Paris,15214,The First Central National Bank of St Paris,FALSE
3806,The First National Bank & Trust Co. of Iron Mountain,5062,The First National Bank & Trust Co of Iron Mountain,FALSE
13329,First National Bank in Cimarron,4638,The First National Bank in Cimarron,FALSE
3640,First National Bank of Beardstown,3607,The First National Bank of Beardstown,FALSE
6030,First National Bank of Las Animas,3034,The First National Bank of Las Animas,FALSE
4076,First National Bank of McGregor,3330,The First National Bank of McGregor d/b/a TFNB Your Bank for Life,FALSE
7087,First National Bank of River Falls,5364,The First National Bank of River Falls,FALSE
24827,The Mint National Bank,58764,The MINT National Bank,FALSE
24,U.S. Bank National Association,6548,"U.S. Bank, National Association",FALSE
717968,Westfield Bank,90300,"Westfield Bank, FSB",FALSE
